IAA,IEG,IPS,IPP,IDA,IPV,IAN,PORTUGUES,MATEMATICA,INGLES,prediction,prediction_label,probability,timestamp
8.751,5.822406257,7.51,7.34375,3.5,6.7475,10.0,3.5,1.0,6.0,0,Aluno não possui risco de defasagem,0.0567,2026-02-05 18:54:18
8.751,6.481366459666667,8.13,7.03125,3.9333333333333336,6.232,10.0,5.0,1.5,5.3,0,Aluno não possui risco de defasagem,0.0461,2026-02-05 18:56:18
8.751,6.468838763666667,9.38,7.083333333,4.5,7.496666667,10.0,6.0,4.0,3.5,0,Aluno não possui risco de defasagem,0.043,2026-02-05 18:58:18
8.334,8.743961352333335,7.51,9.6875,8.666666666666666,7.77,10.0,8.0,8.0,10.0,0,Aluno não possui risco de defasagem,0.07,2026-02-05 19:00:18
8.751,9.526143791,7.51,7.96875,7.5,7.2075,10.0,5.0,8.0,9.5,0,Aluno não possui risco de defasagem,0.05,2026-02-05 19:02:18
6.666,7.111111111333334,6.26,6.875,2.1666666666666665,6.9175,5.0,3.0,2.0,1.5,1,Aluno possui risco de defasagem,0.9931,2026-02-05 19:04:18
7.917,9.249011857666666,6.26,8.25,7.5,8.372,10.0,7.5,5.0,10.0,0,Aluno não possui risco de defasagem,0.0133,2026-02-05 19:06:18
8.334,7.777033492666668,8.125,7.03125,6.333333333333333,6.5425,10.0,6.5,5.5,7.0,0,Aluno não possui risco de defasagem,0.0304,2026-02-05 19:08:18
9.168,10.0,7.51,7.75,6.666666666666667,8.066,10.0,6.0,9.0,5.0,0,Aluno não possui risco de defasagem,0.0216,2026-02-05 19:10:18
9.168,9.841269841333334,7.51,7.65625,7.5,8.393333333,5.0,6.5,7.5,8.5,1,Aluno possui risco de defasagem,0.9645,2026-02-05 19:12:18
7.5,7.166666666666667,7.51,6.25,4.333333333333333,5.9975,5.0,4.0,5.0,4.0,1,Aluno possui risco de defasagem,0.9847,2026-02-05 19:14:18
10.002,9.233333333333333,7.51,8.75,5.833333333333333,9.13,10.0,3.5,5.0,9.0,0,Aluno não possui risco de defasagem,0.052,2026-02-05 19:16:18
9.585,4.104378593666667,6.26,7.34375,3.8333333333333335,6.626,5.0,6.5,0.0,5.0,1,Aluno possui risco de defasagem,0.9833,2026-02-05 19:18:18
8.751,5.636363636333333,8.755,7.34375,4.333333333333333,6.37,10.0,5.0,2.0,6.0,0,Aluno não possui risco de defasagem,0.0563,2026-02-05 19:20:18
7.917,9.135672514666666,6.26,6.875,5.666666666666667,7.0375,10.0,7.5,4.0,5.5,0,Aluno não possui risco de defasagem,0.0386,2026-02-05 19:22:18
10.002,6.775210084333334,7.51,7.65625,4.0,7.7925,5.0,3.0,5.0,4.0,1,Aluno possui risco de defasagem,0.9789,2026-02-05 19:24:18
8.334,9.741666667,6.5725,7.5,6.8999999999999995,7.5,10.0,8.15,6.5,6.05,0,Aluno não possui risco de defasagem,0.0153,2026-02-05 19:26:18
8.751,0.0,7.51,7.5,0.0,7.5,10.0,0.0,0.0,0.0,0,Aluno não possui risco de defasagem,0.0533,2026-02-05 19:28:18
7.5,7.833333333333333,5.635,7.625,8.333333333333334,7.598,5.0,8.0,7.0,10.0,1,Aluno possui risco de defasagem,0.9912,2026-02-05 19:30:18
7.917,6.166666666666667,7.51,7.65625,7.0,6.7025,5.0,7.0,4.5,9.5,1,Aluno possui risco de defasagem,0.9867,2026-02-05 19:32:18
9.168,6.370972886666667,7.5,6.875,6.5,5.7875,10.0,5.0,6.5,8.0,0,Aluno não possui risco de defasagem,0.0368,2026-02-05 19:34:18
8.751,4.908119658333334,7.51,6.40625,1.6666666666666667,5.428,10.0,0.0,0.0,5.0,0,Aluno não possui risco de defasagem,0.0767,2026-02-05 19:36:18
9.585,5.560902255666666,8.755,7.96875,4.833333333333333,7.5025,10.0,6.5,0.0,8.0,0,Aluno não possui risco de defasagem,0.05,2026-02-05 19:38:18
8.751,9.696969697,7.51,8.28125,7.333333333333333,8.404,10.0,6.5,5.5,10.0,0,Aluno não possui risco de defasagem,0.0176,2026-02-05 19:40:18
8.751,6.2,2.51,7.5,2.5,6.785,10.0,3.5,1.0,3.0,0,Aluno não possui risco de defasagem,0.0797,2026-02-05 19:42:18
9.168,7.090909091,7.51,6.25,5.0,6.158,10.0,3.5,2.5,9.0,0,Aluno não possui risco de defasagem,0.0564,2026-02-05 19:44:18
8.334,8.917748917666666,6.26,7.125,7.833333333333333,6.994,5.0,7.0,9.0,7.5,1,Aluno possui risco de defasagem,0.9669,2026-02-05 19:46:18
8.751,9.488636363666666,7.51,7.625,7.833333333333333,8.538,10.0,3.5,10.0,10.0,0,Aluno não possui risco de defasagem,0.0394,2026-02-05 19:48:18
7.917,8.293650793666666,5.63,8.541666667,7.0,7.553333333,10.0,5.5,6.5,9.0,0,Aluno não possui risco de defasagem,0.0227,2026-02-05 19:50:18
7.917,9.855072463666666,6.26,8.333333333,9.333333333333334,8.67,10.0,8.0,10.0,10.0,0,Aluno não possui risco de defasagem,0.0267,2026-02-05 19:52:18
9.585,9.743589743666666,7.51,7.1875,3.1666666666666665,7.165,10.0,4.5,1.0,4.0,0,Aluno não possui risco de defasagem,0.0433,2026-02-05 19:54:18
9.168,8.633333333333333,6.88,8.25,8.166666666666666,7.736,10.0,7.0,9.0,8.5,0,Aluno não possui risco de defasagem,0.063,2026-02-05 19:56:18
8.334,8.436274509666667,7.51,7.1875,6.166666666666667,7.12,5.0,6.5,5.5,6.5,1,Aluno possui risco de defasagem,0.9934,2026-02-05 19:58:18
9.585,10.0,7.51,8.4375,6.666666666666667,8.202,10.0,7.0,8.0,5.0,0,Aluno não possui risco de defasagem,0.016,2026-02-05 20:00:18
7.5,6.157902555,2.51,6.09375,3.1666666666666665,5.4525,5.0,5.5,2.0,2.0,1,Aluno possui risco de defasagem,0.9967,2026-02-05 20:02:18
9.585,6.043441938333333,7.51,7.5,5.0,7.103333333,10.0,4.0,4.0,7.0,0,Aluno não possui risco de defasagem,0.0396,2026-02-05 20:04:18
9.585,6.674358974333333,8.76,6.5625,5.166666666666667,6.745,10.0,4.0,6.5,5.0,0,Aluno não possui risco de defasagem,0.0441,2026-02-05 20:06:18
7.5,7.1000000000000005,7.51,6.71875,4.666666666666667,5.6175,10.0,4.0,4.0,6.0,0,Aluno não possui risco de defasagem,0.0257,2026-02-05 20:08:18
7.917,6.5964912280000005,7.51,6.25,4.5,6.745,10.0,4.0,7.0,2.5,0,Aluno não possui risco de defasagem,0.0551,2026-02-05 20:10:18
7.084,5.061904762,7.51,7.291666667,5.5,6.55,10.0,5.5,5.5,5.5,0,Aluno não possui risco de defasagem,0.0268,2026-02-05 20:12:18
9.168,8.722222222333334,8.135,7.875,7.0,7.4575,5.0,3.5,10.0,7.5,1,Aluno possui risco de defasagem,0.9667,2026-02-05 20:14:18
8.334,8.674509804,6.885,6.625,5.833333333333333,6.598,5.0,5.5,5.5,6.5,1,Aluno possui risco de defasagem,0.9911,2026-02-05 20:16:18
7.083,8.361426442,7.51,7.5,4.5,5.886666667,5.0,2.5,2.0,9.0,1,Aluno possui risco de defasagem,0.9633,2026-02-05 20:18:18
8.334,9.0,6.885,7.5,6.066666666666666,7.5,10.0,6.2,6.0,6.0,0,Aluno não possui risco de defasagem,0.0135,2026-02-05 20:20:18
9.168,9.953333333,6.885,7.5,8.033333333333333,7.5,10.0,7.6,8.4,8.1,0,Aluno não possui risco de defasagem,0.0206,2026-02-05 20:22:18
8.751,9.458874459,7.51,7.375,3.5,7.332,5.0,1.0,0.0,9.5,1,Aluno possui risco de defasagem,0.9733,2026-02-05 20:24:18
7.917,6.854727398333334,7.51,8.125,5.5,7.432,5.0,7.5,4.0,5.0,1,Aluno possui risco de defasagem,0.9913,2026-02-05 20:26:18
8.751,9.8,6.57,7.5,6.933333333333334,7.5,10.0,7.7,6.7,6.4,0,Aluno não possui risco de defasagem,0.0063,2026-02-05 20:28:18
8.334,10.0,7.51,8.333333333,9.666666666666666,7.89,5.0,9.0,10.0,10.0,1,Aluno possui risco de defasagem,0.9488,2026-02-05 20:30:18
8.751,8.963768115999999,6.26,7.5,8.166666666666666,7.5,10.0,7.5,8.0,9.0,0,Aluno não possui risco de defasagem,0.02,2026-02-05 20:32:18
8.751,0.0,7.195,7.5,0.0,7.5,10.0,0.0,0.0,0.0,0,Aluno não possui risco de defasagem,0.05,2026-02-05 20:34:18
8.751,10.0,7.51,8.229166667,3.3333333333333335,8.226666667,5.0,0.0,5.0,5.0,1,Aluno possui risco de defasagem,0.9533,2026-02-05 20:36:18
7.083,9.382456140333334,7.51,9.166666667,6.5,8.893333333,10.0,6.0,9.0,4.5,0,Aluno não possui risco de defasagem,0.043,2026-02-05 20:38:18
7.083,9.382456140666667,6.26,8.020833333,8.166666666666666,8.5475,10.0,8.0,6.5,10.0,0,Aluno não possui risco de defasagem,0.0133,2026-02-05 20:40:18
7.917,4.854560643666667,7.51,7.0,4.166666666666667,6.296,5.0,4.5,1.0,7.0,1,Aluno possui risco de defasagem,0.9857,2026-02-05 20:42:18
8.334,7.5029927763333335,8.13,6.40625,7.0,6.21,10.0,5.5,8.0,7.5,0,Aluno não possui risco de defasagem,0.0467,2026-02-05 20:44:18
7.083,6.171428571333333,2.51,6.40625,3.8333333333333335,6.1625,10.0,4.5,1.5,5.5,0,Aluno não possui risco de defasagem,0.0505,2026-02-05 20:46:18
10.002,9.081527348,8.13,8.28125,8.0,7.663333333,10.0,6.0,8.0,10.0,0,Aluno não possui risco de defasagem,0.0414,2026-02-05 20:48:18
9.585,9.855072463666666,5.63,7.5,6.166666666666667,7.663333333,5.0,5.0,8.0,5.5,1,Aluno possui risco de defasagem,0.9778,2026-02-05 20:50:18
7.917,9.129629629666667,7.51,7.34375,4.666666666666667,7.443333333,5.0,6.0,2.0,6.0,1,Aluno possui risco de defasagem,0.9916,2026-02-05 20:52:18
9.585,7.682352941333334,7.51,7.1875,5.666666666666667,6.33,5.0,3.5,8.5,5.0,1,Aluno possui risco de defasagem,0.9721,2026-02-05 20:54:18
6.249,4.868875086666667,6.26,9.0625,6.5,8.538,5.0,6.5,9.0,4.0,1,Aluno possui risco de defasagem,0.9572,2026-02-05 20:56:18
9.168,0.0,6.57,7.5,0.0,7.5,10.0,0.0,0.0,0.0,0,Aluno não possui risco de defasagem,0.0533,2026-02-05 20:58:18
9.585,9.149206349333333,3.76,7.1875,4.0,6.9975,10.0,5.0,2.0,5.0,0,Aluno não possui risco de defasagem,0.0388,2026-02-05 21:00:18
8.751,8.028404344,8.755,8.4375,7.5,7.39,10.0,6.0,6.5,10.0,0,Aluno não possui risco de defasagem,0.0403,2026-02-05 21:02:18
7.5,6.157407407333333,7.51,6.458333333,2.8333333333333335,5.5,5.0,4.5,3.0,1.0,1,Aluno possui risco de defasagem,0.99,2026-02-05 21:04:18
9.168,9.841269841333334,8.75,8.125,4.5,8.83,10.0,3.5,5.0,5.0,0,Aluno não possui risco de defasagem,0.0208,2026-02-05 21:06:18
7.917,8.429629629666666,7.51,6.25,6.0,5.67,10.0,3.0,9.0,6.0,0,Aluno não possui risco de defasagem,0.0609,2026-02-05 21:08:18
7.084,6.455627705333334,6.26,8.0,5.666666666666667,7.432,10.0,2.0,5.0,10.0,0,Aluno não possui risco de defasagem,0.0672,2026-02-05 21:10:18
7.917,9.460317460333334,7.51,7.8125,7.5,7.636,5.0,5.5,8.0,9.0,1,Aluno possui risco de defasagem,0.9748,2026-02-05 21:12:18
7.917,8.393265993333333,8.755,7.1875,2.6666666666666665,6.58,10.0,5.0,2.0,1.0,0,Aluno não possui risco de defasagem,0.0531,2026-02-05 21:14:18
9.168,10.0,7.51,7.65625,6.666666666666667,8.3775,10.0,5.5,7.5,7.0,0,Aluno não possui risco de defasagem,0.0343,2026-02-05 21:16:18
7.083,8.555555555666666,6.885,7.5,7.666666666666667,6.26,5.0,7.0,9.0,7.0,1,Aluno possui risco de defasagem,0.9875,2026-02-05 21:18:18
8.334,9.109090909,8.135,7.1875,5.5,7.415,10.0,4.5,6.5,5.5,0,Aluno não possui risco de defasagem,0.023,2026-02-05 21:20:18
9.585,6.112836439,6.26,6.25,3.0,5.996,5.0,4.0,1.0,4.0,1,Aluno possui risco de defasagem,0.9867,2026-02-05 21:22:18
8.334,7.535353535666666,5.635,6.875,4.5,6.73,5.0,2.0,6.5,5.0,1,Aluno possui risco de defasagem,0.9667,2026-02-05 21:24:18
8.334,5.4312354313333335,7.51,7.65625,0.0,7.5,10.0,0.0,0.0,0.0,0,Aluno não possui risco de defasagem,0.0413,2026-02-05 21:26:18
8.334,8.888888889,5.005,8.0,4.666666666666667,8.87,5.0,8.0,6.0,0.0,1,Aluno possui risco de defasagem,0.975,2026-02-05 21:28:18
8.751,7.763157895,5.635,7.8125,4.0,7.79,5.0,6.0,3.0,3.0,1,Aluno possui risco de defasagem,0.9681,2026-02-05 21:30:18
8.334,7.230158729999999,7.51,8.645833333,7.5,8.643333333,5.0,9.5,5.0,8.0,1,Aluno possui risco de defasagem,0.9772,2026-02-05 21:32:18
9.585,9.621,6.26,7.5,7.650000000000001,7.5,10.0,8.05,8.05,6.85,0,Aluno não possui risco de defasagem,0.0067,2026-02-05 21:34:18
8.751,9.737666667,6.26,7.5,6.166666666666667,7.5,10.0,6.5,6.0,6.0,0,Aluno não possui risco de defasagem,0.0095,2026-02-05 21:36:18
9.168,9.855072463666666,7.51,8.125,9.333333333333334,7.946666667,10.0,9.0,9.0,10.0,0,Aluno não possui risco de defasagem,0.0181,2026-02-05 21:38:18
6.666,9.283272283333334,8.755,8.90625,8.166666666666666,8.755,10.0,6.5,8.0,10.0,0,Aluno não possui risco de defasagem,0.0315,2026-02-05 21:40:18
9.168,9.407894737,9.38,8.75,8.166666666666666,8.44,10.0,8.0,7.0,9.5,0,Aluno não possui risco de defasagem,0.0274,2026-02-05 21:42:18
8.751,7.728174603333334,6.26,7.65625,4.5,7.723333333,5.0,7.0,6.5,0.0,1,Aluno possui risco de defasagem,0.9722,2026-02-05 21:44:18
8.751,6.278431372666667,8.13,6.875,4.333333333333333,5.33,10.0,3.5,7.5,2.0,0,Aluno não possui risco de defasagem,0.0667,2026-02-05 21:46:18
0.0,7.703703703666666,6.885,6.40625,2.0,6.37,10.0,6.0,0.0,0.0,0,Aluno não possui risco de defasagem,0.0397,2026-02-05 21:48:18
8.334,7.908496732000001,7.51,7.5,6.333333333333333,6.83,5.0,7.0,5.0,7.0,1,Aluno possui risco de defasagem,0.9994,2026-02-05 21:50:18
7.083,7.978174603333333,7.51,7.96875,8.0,8.004,10.0,6.0,9.5,8.5,0,Aluno não possui risco de defasagem,0.0421,2026-02-05 21:52:18
9.585,9.545454545333333,6.26,8.59375,8.833333333333334,8.545,10.0,8.0,9.0,9.5,0,Aluno não possui risco de defasagem,0.0113,2026-02-05 21:54:18
8.751,8.399470899666667,7.51,7.8125,7.333333333333333,8.616666667,5.0,6.0,7.0,9.0,1,Aluno possui risco de defasagem,0.9792,2026-02-05 21:56:18
7.5,3.087719298333333,6.885,6.458333333,3.8333333333333335,4.946666667,10.0,3.5,3.0,5.0,0,Aluno não possui risco de defasagem,0.06,2026-02-05 21:58:18
7.917,8.339076859,9.375,8.59375,7.5,8.23,10.0,6.0,6.5,10.0,0,Aluno não possui risco de defasagem,0.0324,2026-02-05 22:00:18
7.917,8.454106280333333,5.635,7.8125,4.666666666666667,7.366,10.0,6.0,0.0,8.0,0,Aluno não possui risco de defasagem,0.0414,2026-02-05 22:02:18
9.168,9.866666666666667,8.755,9.0625,8.5,9.09,10.0,7.0,8.5,10.0,0,Aluno não possui risco de defasagem,0.043,2026-02-05 22:04:18
9.168,9.649122807,7.51,8.375,9.0,8.572,10.0,9.0,8.5,9.5,0,Aluno não possui risco de defasagem,0.0078,2026-02-05 22:06:18
9.168,6.363636363666667,2.51,8.28125,6.0,7.2475,10.0,4.5,6.0,7.5,0,Aluno não possui risco de defasagem,0.0354,2026-02-05 22:08:18
8.751,3.7396825396666666,6.88,7.03125,4.0,6.83,5.0,4.0,3.0,5.0,1,Aluno possui risco de defasagem,0.9967,2026-02-05 22:10:18
10.002,8.285533910333333,6.26,4.583333333,2.0,6.273333333,5.0,2.0,0.0,4.0,1,Aluno possui risco de defasagem,0.97,2026-02-05 22:12:18
7.5,8.607503607333333,7.51,7.625,7.5,7.936,10.0,9.5,5.0,8.0,0,Aluno não possui risco de defasagem,0.017,2026-02-05 22:14:18
7.917,8.715873016,7.51,7.8125,4.0,7.3725,10.0,6.0,3.0,3.0,0,Aluno não possui risco de defasagem,0.045,2026-02-05 22:16:18
7.917,3.2619047620000003,8.13,6.5625,5.166666666666667,5.496,5.0,5.5,5.0,5.0,1,Aluno possui risco de defasagem,0.9567,2026-02-05 22:18:18
8.751,9.540744978333334,7.51,9.0625,6.666666666666667,8.572,10.0,6.0,5.0,9.0,0,Aluno não possui risco de defasagem,0.0487,2026-02-05 22:20:18
7.5,4.851851851666666,7.51,7.291666667,5.333333333333333,6.883333333,10.0,6.0,5.0,5.0,0,Aluno não possui risco de defasagem,0.0391,2026-02-05 22:22:18
8.751,8.612836439,5.63,6.875,4.5,7.326666667,5.0,2.5,4.0,7.0,1,Aluno possui risco de defasagem,0.99,2026-02-05 22:24:18
9.168,9.803921568666667,4.38,7.96875,6.666666666666667,7.335,10.0,4.5,6.5,9.0,0,Aluno não possui risco de defasagem,0.032,2026-02-05 22:26:18
8.751,5.627886710333333,8.755,7.96875,8.166666666666666,7.545,10.0,7.0,8.0,9.5,0,Aluno não possui risco de defasagem,0.0533,2026-02-05 22:28:18
10.002,2.7505175983333334,6.885,5.0,4.333333333333333,5.03,5.0,4.0,5.0,4.0,1,Aluno possui risco de defasagem,0.9717,2026-02-05 22:30:18
6.666,8.658008657666668,7.51,7.291666667,7.666666666666667,7.5,5.0,7.0,6.0,10.0,1,Aluno possui risco de defasagem,0.973,2026-02-05 22:32:18
9.168,7.600427350666667,7.51,5.9375,6.666666666666667,5.626,10.0,5.0,9.0,6.0,0,Aluno não possui risco de defasagem,0.0509,2026-02-05 22:34:18
8.334,6.8300751879999995,2.51,7.083333333,4.0,6.94,10.0,3.5,7.5,1.0,0,Aluno não possui risco de defasagem,0.0663,2026-02-05 22:36:18
8.751,7.030620028333334,8.135,5.625,6.833333333333333,5.932,10.0,4.5,9.0,7.0,0,Aluno não possui risco de defasagem,0.0659,2026-02-05 22:38:18
10.002,10.0,6.255,6.875,8.166666666666666,8.2,10.0,7.5,7.0,10.0,0,Aluno não possui risco de defasagem,0.0333,2026-02-05 22:40:18
6.667,9.523809523666666,5.005,9.166666667,8.833333333333334,8.95,10.0,8.0,9.5,9.0,0,Aluno não possui risco de defasagem,0.0467,2026-02-05 22:42:18
9.168,7.268170426,6.26,6.875,5.0,7.6275,10.0,5.5,2.0,7.5,0,Aluno não possui risco de defasagem,0.0548,2026-02-05 22:44:18
9.585,6.191537667666666,7.51,6.5625,4.166666666666667,6.7825,10.0,4.5,5.0,3.0,0,Aluno não possui risco de defasagem,0.0455,2026-02-05 22:46:18
9.585,9.443589743666667,7.51,7.1875,6.833333333333333,6.432,10.0,5.5,9.0,6.0,0,Aluno não possui risco de defasagem,0.0219,2026-02-05 22:48:18
10.002,9.0,6.885,7.5,7.066666666666666,7.5,10.0,7.8,7.3,6.1,0,Aluno não possui risco de defasagem,0.012,2026-02-05 22:50:18
8.751,8.972709551666666,7.51,8.541666667,8.0,9.13,10.0,7.5,8.0,8.5,0,Aluno não possui risco de defasagem,0.0115,2026-02-05 22:52:18
10.002,9.0,6.885,7.5,8.066666666666666,7.5,10.0,8.3,7.7,8.2,0,Aluno não possui risco de defasagem,0.0348,2026-02-05 22:54:18
9.168,8.958333333333334,6.26,7.5,7.333333333333333,6.7475,5.0,7.5,5.0,9.5,1,Aluno possui risco de defasagem,0.9832,2026-02-05 22:56:18
8.334,9.833333333333334,7.51,8.25,7.333333333333333,8.702,10.0,9.0,9.0,4.0,0,Aluno não possui risco de defasagem,0.0026,2026-02-05 22:58:18
9.585,9.700000000000001,7.51,7.916666667,6.833333333333333,7.603333333,5.0,4.5,8.0,8.0,1,Aluno possui risco de defasagem,0.9737,2026-02-05 23:00:18
9.168,8.33064949,8.135,8.125,8.666666666666666,8.67,5.0,6.0,10.0,10.0,1,Aluno possui risco de defasagem,0.9633,2026-02-05 23:02:18
9.168,7.4947368423333325,7.51,8.020833333,9.0,8.21,10.0,9.0,10.0,8.0,0,Aluno não possui risco de defasagem,0.0427,2026-02-05 23:04:18
9.168,9.488636363666666,6.26,8.125,8.333333333333334,8.74,10.0,7.0,8.0,10.0,0,Aluno não possui risco de defasagem,0.0133,2026-02-05 23:06:18
9.585,5.201336675,9.38,7.03125,3.1666666666666665,6.79,2.5,6.5,3.0,0.0,1,Aluno possui risco de defasagem,0.9833,2026-02-05 23:08:18
10.002,8.324074074,6.88,6.666666667,4.166666666666667,6.826666667,5.0,4.5,5.0,3.0,1,Aluno possui risco de defasagem,0.991,2026-02-05 23:10:18
7.917,6.585769980666666,7.51,6.5625,5.166666666666667,5.83,10.0,7.0,6.0,2.5,0,Aluno não possui risco de defasagem,0.0328,2026-02-05 23:12:18
10.002,8.933333333333334,10.0,7.03125,3.1666666666666665,6.705,10.0,4.0,3.0,2.5,0,Aluno não possui risco de defasagem,0.0533,2026-02-05 23:14:18
10.002,8.769145085,7.51,7.8125,7.5,6.33,10.0,5.0,8.0,9.5,0,Aluno não possui risco de defasagem,0.0541,2026-02-05 23:16:18
7.917,8.782407407333332,7.51,7.34375,7.166666666666667,7.875,10.0,2.0,9.5,10.0,0,Aluno não possui risco de defasagem,0.0493,2026-02-05 23:18:18
10.002,5.315995871999999,6.255,6.71875,5.666666666666667,6.1625,10.0,4.5,5.0,7.5,0,Aluno não possui risco de defasagem,0.0294,2026-02-05 23:20:18
7.917,6.467236467333334,8.13,7.5,6.666666666666667,6.335,5.0,6.0,9.5,4.5,1,Aluno possui risco de defasagem,0.9567,2026-02-05 23:22:18
6.666,7.435897436,7.51,8.125,5.5,6.964,5.0,5.5,6.0,5.0,1,Aluno possui risco de defasagem,0.9878,2026-02-05 23:24:18
9.168,9.498366013,7.51,7.291666667,5.0,6.94,10.0,4.0,6.0,5.0,0,Aluno não possui risco de defasagem,0.0267,2026-02-05 23:26:18
8.334,7.898550724666666,6.26,7.8125,4.833333333333333,7.03,5.0,3.0,3.0,8.5,1,Aluno possui risco de defasagem,0.9889,2026-02-05 23:28:18
10.002,9.265350877333333,10.0,8.4375,7.666666666666667,9.233333333,10.0,6.0,8.0,9.0,0,Aluno não possui risco de defasagem,0.0252,2026-02-05 23:30:18
9.168,9.866666666666667,7.51,8.333333333,7.0,7.553333333,10.0,5.5,7.0,8.5,0,Aluno não possui risco de defasagem,0.0292,2026-02-05 23:32:18
9.168,10.0,7.51,8.333333333,9.333333333333334,8.726666667,10.0,8.0,10.0,10.0,0,Aluno não possui risco de defasagem,0.026,2026-02-05 23:34:18
9.585,8.739177489333334,6.26,7.625,4.166666666666667,6.53,10.0,2.5,2.5,7.5,0,Aluno não possui risco de defasagem,0.0943,2026-02-05 23:36:18
8.751,6.125925926,8.755,6.25,3.1666666666666665,5.495,5.0,5.0,2.0,2.5,1,Aluno possui risco de defasagem,0.9733,2026-02-05 23:38:18
9.585,8.097577276666668,9.38,7.5,6.5,7.54,10.0,6.0,4.0,9.5,0,Aluno não possui risco de defasagem,0.0513,2026-02-05 23:40:18
9.585,10.0,7.51,8.5,7.166666666666667,8.468,5.0,6.5,5.0,10.0,1,Aluno possui risco de defasagem,0.9555,2026-02-05 23:42:18
8.751,7.361111111,7.51,8.541666667,7.666666666666667,7.613333333,10.0,8.0,6.0,9.0,0,Aluno não possui risco de defasagem,0.0399,2026-02-05 23:44:18
7.083,6.645021645,5.0,6.75,5.0,7.064,5.0,8.0,1.0,6.0,1,Aluno possui risco de defasagem,0.9806,2026-02-05 23:46:18
9.585,9.824561403666666,7.51,9.0625,7.333333333333333,8.62,10.0,6.5,8.0,7.5,0,Aluno não possui risco de defasagem,0.0252,2026-02-05 23:48:18
7.5,4.981481481666667,7.51,7.083333333,4.833333333333333,6.776666667,10.0,5.5,3.0,6.0,0,Aluno não possui risco de defasagem,0.033,2026-02-05 23:50:18
8.751,8.314814814666667,7.51,8.125,5.666666666666667,6.833333333,10.0,5.0,5.0,7.0,0,Aluno não possui risco de defasagem,0.0349,2026-02-05 23:52:18
8.334,9.003921568666668,7.51,8.333333333,4.333333333333333,7.78,10.0,5.0,6.0,2.0,0,Aluno não possui risco de defasagem,0.0386,2026-02-05 23:54:18
8.334,9.566666666666666,7.51,6.875,7.333333333333333,6.25,5.0,6.0,8.0,8.0,1,Aluno possui risco de defasagem,0.9607,2026-02-05 23:56:18
8.751,6.361737677333333,5.635,7.875,6.666666666666667,8.502,2.5,10.0,4.0,6.0,1,Aluno possui risco de defasagem,0.9654,2026-02-05 23:58:18
7.5,8.571428571333334,5.005,6.5625,9.0,8.466,5.0,7.0,10.0,10.0,1,Aluno possui risco de defasagem,0.9783,2026-02-06 00:00:18
8.334,9.277056277,7.51,7.5,6.166666666666667,7.386666667,5.0,2.5,6.0,10.0,1,Aluno possui risco de defasagem,0.9772,2026-02-06 00:02:18
8.751,9.689754689666666,7.51,8.75,8.0,8.9225,10.0,7.0,8.0,9.0,0,Aluno não possui risco de defasagem,0.0122,2026-02-06 00:04:18
8.751,9.182446312,7.51,7.708333333,4.5,7.056666667,10.0,4.5,3.0,6.0,0,Aluno não possui risco de defasagem,0.0267,2026-02-06 00:06:18
7.5,10.0,6.26,8.125,9.5,8.17,10.0,9.0,10.0,9.5,0,Aluno não possui risco de defasagem,0.0033,2026-02-06 00:08:18
10.002,7.476190476333334,5.635,7.875,7.333333333333333,8.068,5.0,4.0,9.0,9.0,1,Aluno possui risco de defasagem,0.9876,2026-02-06 00:10:18
7.501,6.304873294333333,8.135,7.375,3.1666666666666665,6.966,5.0,3.5,1.0,5.0,1,Aluno possui risco de defasagem,0.9764,2026-02-06 00:12:18
7.917,7.099419478000001,6.26,7.5,1.5,6.27,5.0,4.5,0.0,0.0,1,Aluno possui risco de defasagem,0.9831,2026-02-06 00:14:18
7.5,7.821067821,7.51,7.125,2.0,7.5,10.0,0.0,6.0,0.0,0,Aluno não possui risco de defasagem,0.04,2026-02-06 00:16:18
7.501,10.0,8.76,8.125,6.833333333333333,7.166666667,10.0,4.0,8.0,8.5,0,Aluno não possui risco de defasagem,0.0793,2026-02-06 00:18:18
8.334,5.148148148,7.51,7.8125,2.5,7.132,5.0,0.0,7.5,0.0,1,Aluno possui risco de defasagem,0.9333,2026-02-06 00:20:18
9.168,8.600288600333334,7.51,7.875,5.833333333333333,8.47,10.0,8.0,1.0,8.5,0,Aluno não possui risco de defasagem,0.0474,2026-02-06 00:22:18
8.751,7.965686274666666,6.26,7.96875,4.0,7.836666667,10.0,7.0,5.0,0.0,0,Aluno não possui risco de defasagem,0.0431,2026-02-06 00:24:18
9.168,7.935185184999999,8.13,7.916666667,7.166666666666667,7.106666667,10.0,6.0,7.5,8.0,0,Aluno não possui risco de defasagem,0.0233,2026-02-06 00:26:18
7.917,9.833333333333334,7.51,7.5,8.333333333333334,7.4575,10.0,7.0,8.0,10.0,0,Aluno não possui risco de defasagem,0.0338,2026-02-06 00:28:18
9.168,7.038986354666666,7.51,7.75,4.666666666666667,6.966,10.0,4.5,5.5,4.0,0,Aluno não possui risco de defasagem,0.0377,2026-02-06 00:30:18
9.585,7.542087542,7.51,7.75,8.333333333333334,8.6725,5.0,9.0,6.5,9.5,1,Aluno possui risco de defasagem,0.9789,2026-02-06 00:32:18
8.334,6.374643874666667,8.75,7.5,4.666666666666667,6.17,10.0,3.0,5.0,6.0,0,Aluno não possui risco de defasagem,0.0461,2026-02-06 00:34:18
8.334,8.380952380666665,7.51,8.59375,8.333333333333334,8.44,10.0,8.0,7.0,10.0,0,Aluno não possui risco de defasagem,0.0283,2026-02-06 00:36:18
8.334,3.9841269843333333,7.51,7.083333333,2.5,5.886666667,10.0,2.5,3.5,1.5,0,Aluno não possui risco de defasagem,0.0567,2026-02-06 00:38:18
9.168,7.161904762,8.135,7.96875,6.0,7.5,10.0,5.5,7.0,5.5,0,Aluno não possui risco de defasagem,0.0186,2026-02-06 00:40:18
9.585,9.174603174666666,5.0,8.0,9.0,7.734,5.0,8.5,8.5,10.0,1,Aluno possui risco de defasagem,0.9703,2026-02-06 00:42:18
9.585,5.222222222,7.51,7.03125,4.333333333333333,6.2025,5.0,3.0,5.0,5.0,1,Aluno possui risco de defasagem,0.9924,2026-02-06 00:44:18
9.168,7.493464052333334,7.51,8.0,8.166666666666666,8.5025,5.0,7.5,7.5,9.5,1,Aluno possui risco de defasagem,0.9834,2026-02-06 00:46:18
8.334,9.523809523666666,5.635,6.40625,6.666666666666667,8.44,5.0,4.5,7.5,8.0,1,Aluno possui risco de defasagem,0.9733,2026-02-06 00:48:18
9.168,9.5,8.755,7.8125,5.0,6.8275,10.0,3.5,6.0,5.5,0,Aluno não possui risco de defasagem,0.0367,2026-02-06 00:50:18
8.334,5.6428571430000005,7.51,7.34375,6.166666666666667,7.232,5.0,7.0,3.0,8.5,1,Aluno possui risco de defasagem,0.971,2026-02-06 00:52:18
8.751,9.702380952333334,5.635,8.75,8.5,9.074,5.0,8.5,8.0,9.0,1,Aluno possui risco de defasagem,0.9733,2026-02-06 00:54:18
9.585,8.672360248333332,7.51,7.5,7.666666666666667,7.106666667,5.0,7.0,7.0,9.0,1,Aluno possui risco de defasagem,0.9719,2026-02-06 00:56:18
9.585,9.694444444333334,3.76,6.875,6.333333333333333,8.336666667,10.0,5.0,8.0,6.0,0,Aluno não possui risco de defasagem,0.0068,2026-02-06 00:58:18
7.917,7.753623188333333,6.26,9.166666667,8.166666666666666,9.006666667,5.0,6.5,8.0,10.0,1,Aluno possui risco de defasagem,0.9833,2026-02-06 01:00:18
8.751,7.063851181666667,7.51,7.5,6.666666666666667,7.106666667,5.0,6.0,7.0,7.0,1,Aluno possui risco de defasagem,0.9933,2026-02-06 01:02:18
8.334,4.942067736333334,6.885,5.75,2.1666666666666665,5.2875,5.0,3.5,1.0,2.0,1,Aluno possui risco de defasagem,0.9867,2026-02-06 01:04:18
8.751,8.425925926,6.26,7.25,5.666666666666667,6.03,5.0,2.0,5.0,10.0,1,Aluno possui risco de defasagem,0.9767,2026-02-06 01:06:18
9.168,9.247219355666667,7.51,7.75,6.5,8.335,5.0,8.0,3.0,8.5,1,Aluno possui risco de defasagem,0.9882,2026-02-06 01:08:18
7.5,8.737373737333334,6.26,7.625,4.333333333333333,8.436,10.0,7.5,0.0,5.5,0,Aluno não possui risco de defasagem,0.0414,2026-02-06 01:10:18
7.5,7.155537064000001,5.635,8.0,8.166666666666666,7.668,10.0,7.0,8.0,9.5,0,Aluno não possui risco de defasagem,0.0719,2026-02-06 01:12:18
9.585,7.582972583,5.005,4.791666667,6.833333333333333,6.276666667,5.0,8.5,2.0,10.0,1,Aluno possui risco de defasagem,0.976,2026-02-06 01:14:18
9.585,6.010860484333333,6.88,8.59375,6.166666666666667,7.39,10.0,6.5,6.0,6.0,0,Aluno não possui risco de defasagem,0.0282,2026-02-06 01:16:18
9.585,9.382456140333334,8.13,7.291666667,7.333333333333333,7.496666667,5.0,3.5,8.5,10.0,1,Aluno possui risco de defasagem,0.9604,2026-02-06 01:18:18
7.917,7.6107226106666666,7.51,7.625,4.166666666666667,7.234,10.0,5.0,4.5,3.0,0,Aluno não possui risco de defasagem,0.0383,2026-02-06 01:20:18
9.585,9.841269841333334,5.635,8.28125,8.833333333333334,8.8375,10.0,7.0,9.5,10.0,0,Aluno não possui risco de defasagem,0.0213,2026-02-06 01:22:18
8.334,7.554824561666667,6.88,8.125,7.166666666666667,8.206,5.0,9.0,5.0,7.5,1,Aluno possui risco de defasagem,0.98,2026-02-06 01:24:18
8.334,9.153439153333332,7.51,7.8125,5.5,8.1675,5.0,5.5,6.0,5.0,1,Aluno possui risco de defasagem,0.9736,2026-02-06 01:26:18
8.751,9.666666666666666,5.63,7.8125,4.833333333333333,8.1675,5.0,8.0,1.0,5.5,1,Aluno possui risco de defasagem,0.9823,2026-02-06 01:28:18
10.002,5.705128205,8.13,6.25,3.1666666666666665,4.728,10.0,2.5,1.0,6.0,0,Aluno não possui risco de defasagem,0.08,2026-02-06 01:30:18
9.585,10.0,7.51,7.083333333,6.666666666666667,8.28,10.0,5.0,9.0,6.0,0,Aluno não possui risco de defasagem,0.0209,2026-02-06 01:32:18
8.334,8.069444444333334,6.255,6.666666667,4.5,6.666666667,5.0,2.0,7.0,4.5,1,Aluno possui risco de defasagem,0.9533,2026-02-06 01:34:18
9.168,9.6,7.505,7.5,8.200000000000001,7.5,10.0,8.6,8.1,7.9,0,Aluno não possui risco de defasagem,0.0281,2026-02-06 01:36:18
9.168,4.305555555666667,9.38,7.5,4.666666666666667,6.7075,5.0,4.5,5.0,4.5,1,Aluno possui risco de defasagem,0.98,2026-02-06 01:38:18
8.751,9.848484848333333,6.26,8.4375,7.0,8.7525,10.0,4.5,6.5,10.0,0,Aluno não possui risco de defasagem,0.0126,2026-02-06 01:40:18
7.917,4.164756812,6.26,6.75,4.166666666666667,5.726,5.0,4.5,6.5,1.5,1,Aluno possui risco de defasagem,0.9917,2026-02-06 01:42:18
8.334,5.2421652420000004,7.51,7.5,4.833333333333333,5.665,10.0,4.5,9.0,1.0,0,Aluno não possui risco de defasagem,0.0451,2026-02-06 01:44:18
9.168,10.0,7.51,8.125,5.833333333333333,7.67,10.0,4.5,8.5,4.5,0,Aluno não possui risco de defasagem,0.0186,2026-02-06 01:46:18
8.751,6.004481792666667,8.76,8.333333333,3.6666666666666665,7.333333333,10.0,4.0,5.5,1.5,0,Aluno não possui risco de defasagem,0.0767,2026-02-06 01:48:18
8.334,10.0,6.255,8.125,3.0,8.056666667,10.0,0.0,9.0,0.0,0,Aluno não possui risco de defasagem,0.0467,2026-02-06 01:50:18
8.751,7.705263158,5.63,7.03125,3.6666666666666665,7.4575,10.0,6.0,1.0,4.0,0,Aluno não possui risco de defasagem,0.047,2026-02-06 01:52:18
8.751,9.444444444666667,7.51,7.708333333,5.0,7.386666667,5.0,5.0,4.0,6.0,1,Aluno possui risco de defasagem,0.9936,2026-02-06 01:54:18
7.917,8.904455179666668,8.135,6.875,5.0,6.87,10.0,4.5,6.5,4.0,0,Aluno não possui risco de defasagem,0.03,2026-02-06 01:56:18
10.002,8.287284610666667,2.51,6.5625,2.8333333333333335,6.325,5.0,5.0,2.0,1.5,1,Aluno possui risco de defasagem,0.9716,2026-02-06 01:58:18
10.002,10.0,2.51,8.541666667,8.833333333333334,7.56,10.0,8.5,8.0,10.0,0,Aluno não possui risco de defasagem,0.0501,2026-02-06 02:00:18
7.083,6.430976431,7.51,8.125,3.5,7.064,5.0,4.5,3.0,3.0,1,Aluno possui risco de defasagem,0.9819,2026-02-06 02:02:18
8.334,6.377276524666667,2.51,6.25,3.6666666666666665,5.96,5.0,5.0,2.0,4.0,1,Aluno possui risco de defasagem,0.9908,2026-02-06 02:04:18
8.751,9.649122807,9.375,9.375,9.166666666666666,9.623333333,10.0,7.5,10.0,10.0,0,Aluno não possui risco de defasagem,0.036,2026-02-06 02:06:18
8.334,8.509823509666667,7.51,6.875,5.833333333333333,6.798,10.0,5.0,3.0,9.5,0,Aluno não possui risco de defasagem,0.06,2026-02-06 02:08:18
9.585,9.441269841333334,7.51,8.958333333,8.666666666666666,8.166666667,10.0,7.0,9.0,10.0,0,Aluno não possui risco de defasagem,0.0296,2026-02-06 02:10:18
8.334,8.456140351,6.26,8.020833333,7.333333333333333,8.125,10.0,6.0,8.0,8.0,0,Aluno não possui risco de defasagem,0.0139,2026-02-06 02:12:18
9.168,6.827094474333333,6.26,7.125,7.5,8.5875,10.0,7.5,5.0,10.0,0,Aluno não possui risco de defasagem,0.0355,2026-02-06 02:14:18
7.5,7.9949874686666655,7.51,7.5,4.666666666666667,6.964,5.0,4.5,0.0,9.5,1,Aluno possui risco de defasagem,0.9797,2026-02-06 02:16:18
9.585,7.155555555666666,6.885,6.875,4.666666666666667,6.216666667,10.0,5.5,4.5,4.0,0,Aluno não possui risco de defasagem,0.032,2026-02-06 02:18:18
8.751,7.668803418666666,7.51,5.625,6.166666666666667,5.292,5.0,4.5,10.0,4.0,1,Aluno possui risco de defasagem,0.9676,2026-02-06 02:20:18
7.5,6.194444444333333,6.885,7.0,2.6666666666666665,5.534,10.0,3.5,1.5,3.0,0,Aluno não possui risco de defasagem,0.0633,2026-02-06 02:22:18
8.334,7.588638262333333,8.13,8.28125,3.5,7.4575,10.0,4.5,1.0,5.0,0,Aluno não possui risco de defasagem,0.0458,2026-02-06 02:24:18
10.002,8.980785296666667,8.135,8.4375,8.166666666666666,8.283333333,10.0,6.5,8.0,10.0,0,Aluno não possui risco de defasagem,0.0315,2026-02-06 02:26:18
7.084,7.846439628666666,9.38,6.75,3.8333333333333335,6.866,10.0,4.5,3.0,4.0,0,Aluno não possui risco de defasagem,0.0467,2026-02-06 02:28:18
8.334,3.9141382866666667,2.51,3.4375,0.0,3.1225,10.0,0.0,0.0,0.0,0,Aluno não possui risco de defasagem,0.1033,2026-02-06 02:30:18
9.585,9.082539682666665,7.51,7.96875,7.0,8.466,5.0,6.0,8.0,7.0,1,Aluno possui risco de defasagem,0.9606,2026-02-06 02:32:18
8.334,7.416666666666667,6.26,7.34375,5.666666666666667,7.723333333,5.0,5.5,3.0,8.5,1,Aluno possui risco de defasagem,0.9826,2026-02-06 02:34:18
7.917,9.200000000000001,7.51,7.34375,8.0,6.745,5.0,7.0,7.0,10.0,1,Aluno possui risco de defasagem,0.9702,2026-02-06 02:36:18
8.334,8.401559454333333,7.51,8.4375,8.833333333333334,8.2925,10.0,10.0,9.0,7.5,0,Aluno não possui risco de defasagem,0.0228,2026-02-06 02:38:18
8.751,7.223245614,8.76,7.5,4.0,7.665,5.0,6.5,3.0,2.5,1,Aluno possui risco de defasagem,0.9731,2026-02-06 02:40:18
8.751,9.514316093333333,5.635,7.65625,9.333333333333334,8.304,5.0,9.0,9.0,10.0,1,Aluno possui risco de defasagem,0.9767,2026-02-06 02:42:18
7.917,9.666666666666666,8.135,8.0,1.1666666666666667,8.0825,10.0,1.5,2.0,0.0,0,Aluno não possui risco de defasagem,0.0667,2026-02-06 02:44:18
9.585,8.716666666666667,7.51,7.625,5.666666666666667,7.698,5.0,3.5,6.0,7.5,1,Aluno possui risco de defasagem,0.9637,2026-02-06 02:46:18
9.168,9.665831245,7.51,8.125,5.833333333333333,8.2,10.0,7.5,6.0,4.0,0,Aluno não possui risco de defasagem,0.0059,2026-02-06 02:48:18
7.5,9.259259258999998,7.51,7.5,8.333333333333334,7.835,5.0,7.0,8.5,9.5,1,Aluno possui risco de defasagem,0.9771,2026-02-06 02:50:18
8.751,9.674603174666666,7.51,7.875,7.0,8.502,10.0,5.5,7.5,8.0,0,Aluno não possui risco de defasagem,0.0202,2026-02-06 02:52:18
8.751,8.201288245,7.51,6.25,3.1666666666666665,6.2475,5.0,2.0,5.5,2.0,1,Aluno possui risco de defasagem,0.97,2026-02-06 02:54:18
8.751,8.696741854666667,6.26,7.96875,8.166666666666666,9.004,10.0,5.0,9.5,10.0,0,Aluno não possui risco de defasagem,0.0367,2026-02-06 02:56:18
8.334,8.133333333333333,10.0,7.8125,3.8333333333333335,6.6225,10.0,3.5,2.5,5.5,0,Aluno não possui risco de defasagem,0.0549,2026-02-06 02:58:18
10.002,8.831746031666666,8.135,9.0625,7.666666666666667,8.545,10.0,5.5,9.0,8.5,0,Aluno não possui risco de defasagem,0.0415,2026-02-06 03:00:18
9.168,5.793483709333334,7.51,7.291666667,6.666666666666667,6.936666667,10.0,4.5,8.5,7.0,0,Aluno não possui risco de defasagem,0.0317,2026-02-06 03:02:18
0.0,3.3555555556666667,6.26,5.125,2.3333333333333335,5.066,5.0,3.0,1.0,3.0,1,Aluno possui risco de defasagem,0.98,2026-02-06 03:04:18
8.751,6.829721362333333,8.135,6.875,8.0,7.83,10.0,7.5,9.0,7.5,0,Aluno não possui risco de defasagem,0.0601,2026-02-06 03:06:18
8.751,9.6,6.885,8.125,7.5,7.056666667,10.0,4.5,8.0,10.0,0,Aluno não possui risco de defasagem,0.0533,2026-02-06 03:08:18
9.168,8.973112128333334,6.26,8.875,9.333333333333334,8.704,10.0,9.0,10.0,9.0,0,Aluno não possui risco de defasagem,0.04,2026-02-06 03:10:18
9.168,5.978431372666667,7.51,7.5,4.166666666666667,6.106666667,10.0,3.5,5.0,4.0,0,Aluno não possui risco de defasagem,0.0517,2026-02-06 03:12:18
8.751,7.9726867336666665,7.505,7.34375,5.833333333333333,7.14,5.0,8.0,4.5,5.0,1,Aluno possui risco de defasagem,0.9914,2026-02-06 03:14:18
9.168,6.324561403666666,5.63,6.75,3.0,6.43,5.0,3.0,2.0,4.0,1,Aluno possui risco de defasagem,0.9964,2026-02-06 03:16:18
9.585,8.645502645666667,7.51,7.1875,7.25,7.266,5.0,3.0,8.75,10.0,1,Aluno possui risco de defasagem,0.964,2026-02-06 03:18:18
7.5,6.574494949666668,7.51,7.5,6.5,7.11,5.0,5.5,5.0,9.0,1,Aluno possui risco de defasagem,0.98,2026-02-06 03:20:18
9.168,8.898245614,5.635,7.5,5.0,7.625,10.0,4.0,3.0,8.0,0,Aluno não possui risco de defasagem,0.0467,2026-02-06 03:22:18
7.917,9.640151515,6.26,8.125,7.166666666666667,8.672,10.0,7.0,6.0,8.5,0,Aluno não possui risco de defasagem,0.0067,2026-02-06 03:24:18
8.334,5.9151960783333335,5.635,7.5,5.0,7.8775,10.0,7.0,4.5,3.5,0,Aluno não possui risco de defasagem,0.0396,2026-02-06 03:26:18
8.751,9.437666667,6.885,7.5,7.216666666666666,7.5,10.0,8.85,6.8,6.0,0,Aluno não possui risco de defasagem,0.0104,2026-02-06 03:28:18
7.5,8.412698412666666,5.635,6.71875,7.166666666666667,6.43,5.0,5.5,6.5,9.5,1,Aluno possui risco de defasagem,0.9846,2026-02-06 03:30:18
6.666,6.839473684333334,6.885,6.5625,4.833333333333333,6.915,10.0,5.0,7.0,2.5,0,Aluno não possui risco de defasagem,0.0465,2026-02-06 03:32:18
8.334,9.557894737,6.26,7.8125,4.0,7.96,10.0,4.5,3.0,4.5,0,Aluno não possui risco de defasagem,0.03,2026-02-06 03:34:18
8.334,8.771043771,7.51,7.75,8.166666666666666,8.335,5.0,9.5,5.0,10.0,1,Aluno possui risco de defasagem,0.968,2026-02-06 03:36:18
8.334,10.0,6.26,8.125,9.666666666666666,8.726666667,10.0,9.0,10.0,10.0,0,Aluno não possui risco de defasagem,0.0133,2026-02-06 03:38:18
8.751,8.305555555666666,7.51,7.25,7.0,8.46,5.0,7.5,5.0,8.5,1,Aluno possui risco de defasagem,0.985,2026-02-06 03:40:18
9.585,9.670588235333334,7.51,8.28125,7.333333333333333,8.545,10.0,5.0,9.0,8.0,0,Aluno não possui risco de defasagem,0.0105,2026-02-06 03:42:18
7.917,9.534706331,6.26,8.125,7.166666666666667,7.776666667,10.0,6.0,6.0,9.5,0,Aluno não possui risco de defasagem,0.0133,2026-02-06 03:44:18
9.168,9.682539682666667,5.635,6.796875,8.166666666666666,7.134,5.0,7.5,9.0,8.0,1,Aluno possui risco de defasagem,0.9531,2026-02-06 03:46:18
8.751,0.0,6.5675,7.5,0.0,7.5,10.0,0.0,0.0,0.0,0,Aluno não possui risco de defasagem,0.0533,2026-02-06 03:48:18
8.751,7.199074074333335,7.51,6.40625,5.0,6.83,10.0,3.5,8.5,3.0,0,Aluno não possui risco de defasagem,0.0551,2026-02-06 03:50:18
9.585,8.011695906666667,7.51,7.03125,3.3333333333333335,6.4975,10.0,4.0,3.5,2.5,0,Aluno não possui risco de defasagem,0.0486,2026-02-06 03:52:18
8.751,7.0,7.51,7.5,6.5,8.335,5.0,5.0,5.0,9.5,1,Aluno possui risco de defasagem,0.984,2026-02-06 03:54:18
8.334,9.616228070333333,7.51,7.34375,3.3333333333333335,7.1625,10.0,6.0,2.0,2.0,0,Aluno não possui risco de defasagem,0.0467,2026-02-06 03:56:18
9.585,8.751803751666666,7.51,7.708333333,5.833333333333333,7.443333333,5.0,5.0,7.5,5.0,1,Aluno possui risco de defasagem,0.9833,2026-02-06 03:58:18
9.168,9.333333333333334,6.26,7.875,7.5,7.798,10.0,6.5,9.0,7.0,0,Aluno não possui risco de defasagem,0.008,2026-02-06 04:00:18
8.751,9.861111111,7.51,7.083333333,5.333333333333333,7.22,10.0,4.5,5.0,6.5,0,Aluno não possui risco de defasagem,0.0268,2026-02-06 04:02:18
8.751,9.537254901999999,8.76,8.333333333,5.166666666666667,7.89,10.0,4.5,6.5,4.5,0,Aluno não possui risco de defasagem,0.02,2026-02-06 04:04:18
8.751,3.9520467836666664,7.51,6.875,5.666666666666667,7.535,5.0,5.0,5.0,7.0,1,Aluno possui risco de defasagem,0.99,2026-02-06 04:06:18
8.751,8.152958153,6.26,7.25,8.833333333333334,6.764,5.0,9.0,7.5,10.0,1,Aluno possui risco de defasagem,0.9573,2026-02-06 04:08:18
7.083,8.714912280666667,5.635,7.5,6.5,7.1225,10.0,7.0,5.5,7.0,0,Aluno não possui risco de defasagem,0.0571,2026-02-06 04:10:18
7.083,9.983333333,6.57,7.5,7.366666666666667,7.5,10.0,7.5,6.05,8.55,0,Aluno não possui risco de defasagem,0.0177,2026-02-06 04:12:18
8.334,9.648148147999999,5.635,8.125,9.333333333333334,8.226666667,10.0,9.0,9.0,10.0,0,Aluno não possui risco de defasagem,0.0133,2026-02-06 04:14:18
9.168,6.120448179333334,6.26,7.65625,5.0,8.556666667,5.0,6.0,0.0,9.0,1,Aluno possui risco de defasagem,0.98,2026-02-06 04:16:18
8.334,8.498245614,6.26,8.020833333,6.333333333333333,8.625,5.0,7.0,5.0,7.0,1,Aluno possui risco de defasagem,0.9801,2026-02-06 04:18:18
10.002,9.266666666666667,7.51,8.28125,6.166666666666667,7.7475,5.0,4.5,9.0,5.0,1,Aluno possui risco de defasagem,0.9693,2026-02-06 04:20:18
8.334,5.0,7.51,7.125,2.6666666666666665,6.83,5.0,2.0,2.0,4.0,1,Aluno possui risco de defasagem,0.95,2026-02-06 04:22:18
8.751,8.914285714,7.51,7.708333333,6.0,6.883333333,10.0,5.5,6.0,6.5,0,Aluno não possui risco de defasagem,0.023,2026-02-06 04:24:18
9.168,7.698412698333333,7.51,7.125,5.166666666666667,7.634,10.0,6.5,4.0,5.0,0,Aluno não possui risco de defasagem,0.0424,2026-02-06 04:26:18
8.334,6.481481481666667,7.51,7.65625,6.833333333333333,7.946666667,5.0,6.5,4.0,10.0,1,Aluno possui risco de defasagem,0.9814,2026-02-06 04:28:18
6.667,9.027777777666666,6.885,7.708333333,6.833333333333333,7.056666667,10.0,7.0,6.0,7.5,0,Aluno não possui risco de defasagem,0.031,2026-02-06 04:30:18
9.585,9.231481481333333,7.51,7.916666667,7.166666666666667,7.223333333,10.0,7.5,7.0,7.0,0,Aluno não possui risco de defasagem,0.0153,2026-02-06 04:32:18
9.168,8.761904762,5.635,7.8125,5.666666666666667,7.872,10.0,3.5,7.0,6.5,0,Aluno não possui risco de defasagem,0.0333,2026-02-06 04:34:18
8.334,6.656346749333334,5.635,5.25,5.333333333333333,6.5375,10.0,7.0,1.0,8.0,0,Aluno não possui risco de defasagem,0.041,2026-02-06 04:36:18
9.585,8.084795321666666,6.26,6.25,5.666666666666667,6.886666667,5.0,2.0,6.0,9.0,1,Aluno possui risco de defasagem,0.9733,2026-02-06 04:38:18
9.168,9.431818181666666,7.51,8.125,8.5,8.674,10.0,8.5,9.0,8.0,0,Aluno não possui risco de defasagem,0.0095,2026-02-06 04:40:18
7.917,6.108152734666667,2.51,7.65625,7.833333333333333,7.625,10.0,8.0,7.0,8.5,0,Aluno não possui risco de defasagem,0.0751,2026-02-06 04:42:18
0.0,7.027568922333333,7.51,7.708333333,5.5,8.0425,10.0,5.5,4.0,7.0,0,Aluno não possui risco de defasagem,0.0253,2026-02-06 04:44:18
8.334,7.796296296333334,6.26,6.875,4.0,6.745,10.0,1.5,2.5,8.0,0,Aluno não possui risco de defasagem,0.0567,2026-02-06 04:46:18
8.334,9.277777777666666,6.255,7.291666667,8.333333333333334,7.893333333,10.0,7.0,8.0,10.0,0,Aluno não possui risco de defasagem,0.0133,2026-02-06 04:48:18
10.002,9.92,6.885,7.5,2.6333333333333333,7.5,10.0,0.0,0.0,7.9,0,Aluno não possui risco de defasagem,0.07,2026-02-06 04:50:18
9.585,6.633138401666667,6.255,5.416666667,3.6666666666666665,5.833333333,5.0,2.0,3.0,6.0,1,Aluno possui risco de defasagem,0.964,2026-02-06 04:52:18
5.833,6.501135191,8.13,6.875,4.333333333333333,6.8275,10.0,3.5,6.0,3.5,0,Aluno não possui risco de defasagem,0.0594,2026-02-06 04:54:18
7.5,9.848484848333333,6.26,7.96875,8.333333333333334,8.795,10.0,8.0,7.0,10.0,0,Aluno não possui risco de defasagem,0.0267,2026-02-06 04:56:18
9.585,9.523809524,5.625,7.34375,5.333333333333333,6.955,10.0,3.5,4.0,8.5,0,Aluno não possui risco de defasagem,0.0467,2026-02-06 04:58:18
7.083,7.211257310000001,8.13,8.125,5.333333333333333,6.276666667,10.0,6.0,3.5,6.5,0,Aluno não possui risco de defasagem,0.0365,2026-02-06 05:00:18
0.0,2.5238095237666665,8.13,7.03125,2.8333333333333335,5.258,10.0,7.0,1.5,0.0,0,Aluno não possui risco de defasagem,0.0833,2026-02-06 05:02:18
7.5,3.074074074,6.26,6.354166667,4.166666666666667,6.1175,10.0,3.5,3.0,6.0,0,Aluno não possui risco de defasagem,0.049,2026-02-06 05:04:18
10.002,8.756265663999999,7.51,10.0,9.666666666666666,9.576,10.0,9.0,10.0,10.0,0,Aluno não possui risco de defasagem,0.0312,2026-02-06 05:06:18
10.002,4.993386243333333,7.51,7.34375,4.333333333333333,7.273333333,5.0,7.0,4.0,2.0,1,Aluno possui risco de defasagem,0.9833,2026-02-06 05:08:18
7.083,5.733333333333333,7.51,7.291666667,8.0,6.553333333,10.0,7.5,8.5,8.0,0,Aluno não possui risco de defasagem,0.0341,2026-02-06 05:10:18
10.002,7.826890756333333,7.51,6.875,7.166666666666667,5.825,2.5,5.5,9.0,7.0,1,Aluno possui risco de defasagem,0.9676,2026-02-06 05:12:18
9.168,5.5110047846666665,8.755,7.8125,6.166666666666667,7.295,10.0,6.0,5.5,7.0,0,Aluno não possui risco de defasagem,0.0331,2026-02-06 05:14:18
10.002,10.0,2.51,9.583333333,9.833333333333334,9.45,10.0,9.5,10.0,10.0,0,Aluno não possui risco de defasagem,0.0306,2026-02-06 05:16:18
7.5,5.266499582333334,2.51,6.041666667,5.0,6.11,10.0,4.0,4.5,6.5,0,Aluno não possui risco de defasagem,0.0418,2026-02-06 05:18:18
8.334,9.133333333333333,7.51,8.125,8.5,7.335,10.0,8.0,10.0,7.5,0,Aluno não possui risco de defasagem,0.0381,2026-02-06 05:20:18
8.334,6.286274509666666,2.51,7.5,5.666666666666667,6.998,10.0,5.0,6.0,6.0,0,Aluno não possui risco de defasagem,0.0496,2026-02-06 05:22:18
9.585,9.024122807,7.51,7.34375,5.833333333333333,7.666666667,10.0,5.0,4.0,8.5,0,Aluno não possui risco de defasagem,0.0429,2026-02-06 05:24:18
9.168,9.696969697,6.255,7.5,8.5,8.504,10.0,7.0,10.0,8.5,0,Aluno não possui risco de defasagem,0.01,2026-02-06 05:26:18
0.0,8.102240896333333,7.51,6.375,5.5,6.0375,5.0,3.0,7.0,6.5,1,Aluno possui risco de defasagem,0.9761,2026-02-06 05:28:18
9.168,9.710144927666667,8.135,8.5,9.5,8.3375,10.0,8.5,10.0,10.0,0,Aluno não possui risco de defasagem,0.0245,2026-02-06 05:30:18
9.585,9.824561403666666,7.51,7.8125,7.666666666666667,7.7925,10.0,8.0,6.0,9.0,0,Aluno não possui risco de defasagem,0.0195,2026-02-06 05:32:18
8.751,9.537037037,5.635,8.4375,7.833333333333333,9.06,10.0,7.0,7.5,9.0,0,Aluno não possui risco de defasagem,0.02,2026-02-06 05:34:18
9.168,10.0,7.51,7.65625,8.0,8.3775,10.0,7.0,8.5,8.5,0,Aluno não possui risco de defasagem,0.0123,2026-02-06 05:36:18
8.751,9.689754689666666,6.26,7.916666667,7.666666666666667,8.336666667,5.0,7.0,6.0,10.0,1,Aluno possui risco de defasagem,0.98,2026-02-06 05:38:18
8.751,4.547899159666667,8.135,7.5,1.6666666666666667,6.383333333,5.0,2.0,1.0,2.0,1,Aluno possui risco de defasagem,0.9367,2026-02-06 05:40:18
8.334,5.618045113,5.0,7.708333333,5.833333333333333,6.993333333,5.0,6.0,4.0,7.5,1,Aluno possui risco de defasagem,0.9893,2026-02-06 05:42:18
6.666,8.523809523666666,7.51,7.708333333,6.166666666666667,6.94,5.0,6.5,5.0,7.0,1,Aluno possui risco de defasagem,0.9852,2026-02-06 05:44:18
9.585,7.605358505000001,9.38,8.625,7.0,8.706,10.0,7.0,7.0,7.0,0,Aluno não possui risco de defasagem,0.045,2026-02-06 05:46:18
8.334,9.824561403666666,7.51,8.125,7.833333333333333,8.755,10.0,6.5,9.5,7.5,0,Aluno não possui risco de defasagem,0.0056,2026-02-06 05:48:18
8.751,6.921693121666666,6.26,7.25,4.333333333333333,8.464,10.0,5.5,2.5,5.0,0,Aluno não possui risco de defasagem,0.0382,2026-02-06 05:50:18
8.751,6.666666666666667,7.51,7.5,5.166666666666667,7.05,5.0,7.0,5.5,3.0,1,Aluno possui risco de defasagem,0.9898,2026-02-06 05:52:18
9.585,5.404288499000001,9.38,7.96875,4.666666666666667,7.5475,10.0,5.0,0.0,9.0,0,Aluno não possui risco de defasagem,0.0567,2026-02-06 05:54:18
8.751,9.090261886999999,5.635,8.5,7.166666666666667,9.272,5.0,6.0,7.5,8.0,1,Aluno possui risco de defasagem,0.9679,2026-02-06 05:56:18
10.002,9.666666666666666,6.26,8.375,8.0,8.2,10.0,7.0,7.0,10.0,0,Aluno não possui risco de defasagem,0.0267,2026-02-06 05:58:18
8.751,5.103121516333333,7.51,7.125,5.833333333333333,7.9175,10.0,5.5,7.5,4.5,0,Aluno não possui risco de defasagem,0.033,2026-02-06 06:00:18
0.0,8.306595365666666,6.26,7.75,4.333333333333333,8.5875,10.0,5.0,0.0,8.0,0,Aluno não possui risco de defasagem,0.0364,2026-02-06 06:02:18
7.917,10.0,6.26,8.333333333,8.333333333333334,8.446666667,5.0,7.5,7.5,10.0,1,Aluno possui risco de defasagem,0.9633,2026-02-06 06:04:18
8.751,9.673046251999999,6.885,8.0,7.666666666666667,7.766,10.0,7.5,6.5,9.0,0,Aluno não possui risco de defasagem,0.024,2026-02-06 06:06:18
9.585,4.7710437709999995,7.51,7.5,3.5,6.79,5.0,5.5,1.0,4.0,1,Aluno possui risco de defasagem,0.9833,2026-02-06 06:08:18
8.334,9.833333333333334,8.135,7.625,7.833333333333333,7.25,10.0,7.5,7.5,8.5,0,Aluno não possui risco de defasagem,0.0467,2026-02-06 06:10:18
10.002,10.0,6.26,8.229166667,9.0,8.8375,10.0,7.5,10.0,9.5,0,Aluno não possui risco de defasagem,0.0147,2026-02-06 06:12:18
9.168,7.441643324,7.51,7.625,6.833333333333333,8.8375,10.0,8.0,5.0,7.5,0,Aluno não possui risco de defasagem,0.0231,2026-02-06 06:14:18
6.249,4.600414078666667,7.5,6.5625,5.0,5.824,10.0,4.0,5.0,6.0,0,Aluno não possui risco de defasagem,0.0305,2026-02-06 06:16:18
9.585,10.0,2.51,8.59375,6.666666666666667,8.3775,10.0,6.0,6.0,8.0,0,Aluno não possui risco de defasagem,0.0123,2026-02-06 06:18:18
10.002,5.017209691,6.88,6.25,2.0,5.883333333,5.0,0.0,2.0,4.0,1,Aluno possui risco de defasagem,0.9633,2026-02-06 06:20:18
7.917,9.140350877333333,5.01,7.34375,6.833333333333333,7.54,10.0,9.0,5.5,6.0,0,Aluno não possui risco de defasagem,0.0111,2026-02-06 06:22:18
8.334,6.363636363666667,7.51,7.125,7.166666666666667,6.9,5.0,7.5,4.0,10.0,1,Aluno possui risco de defasagem,0.9867,2026-02-06 06:24:18
8.334,10.0,10.0,8.625,6.0,8.706,5.0,6.0,2.0,10.0,1,Aluno possui risco de defasagem,0.97,2026-02-06 06:26:18
8.751,9.473684210666667,6.26,8.375,8.166666666666666,8.334,5.0,6.5,8.0,10.0,1,Aluno possui risco de defasagem,0.9671,2026-02-06 06:28:18
9.168,9.866666666666667,2.51,9.375,9.666666666666666,9.45,10.0,9.0,10.0,10.0,0,Aluno não possui risco de defasagem,0.0272,2026-02-06 06:30:18
8.334,7.1428571430000005,7.51,7.291666667,3.0,6.216666667,5.0,1.0,0.0,8.0,1,Aluno possui risco de defasagem,0.96,2026-02-06 06:32:18
8.334,9.111111111333335,5.005,7.5,5.666666666666667,8.545,5.0,6.0,5.0,6.0,1,Aluno possui risco de defasagem,0.9867,2026-02-06 06:34:18
8.334,7.834844760666667,6.26,7.083333333,6.333333333333333,7.386666667,5.0,4.5,7.0,7.5,1,Aluno possui risco de defasagem,0.9817,2026-02-06 06:36:18
8.751,10.0,7.51,8.229166667,9.333333333333334,9.0475,10.0,8.5,9.5,10.0,0,Aluno não possui risco de defasagem,0.018,2026-02-06 06:38:18
4.584,4.707017544,2.51,6.875,3.3333333333333335,6.1175,10.0,6.0,4.0,0.0,0,Aluno não possui risco de defasagem,0.0933,2026-02-06 06:40:18
8.334,8.668046928999999,3.755,6.25,7.666666666666667,6.993333333,5.0,4.5,9.0,9.5,1,Aluno possui risco de defasagem,0.9505,2026-02-06 06:42:18
8.751,9.533333333333333,2.51,8.375,5.0,7.836,10.0,3.0,5.0,7.0,0,Aluno não possui risco de defasagem,0.0436,2026-02-06 06:44:18
9.168,3.7546583853333337,8.13,7.1875,3.6666666666666665,5.422,10.0,3.5,3.5,4.0,0,Aluno não possui risco de defasagem,0.08,2026-02-06 06:46:18
8.751,10.0,8.135,7.375,3.6666666666666665,6.738,10.0,2.5,5.5,3.0,0,Aluno não possui risco de defasagem,0.0533,2026-02-06 06:48:18
9.168,5.818518518666667,7.51,7.1875,3.0,6.8725,5.0,3.0,4.0,2.0,1,Aluno possui risco de defasagem,1.0,2026-02-06 06:50:18
9.168,0.0,6.2575,7.5,0.0,7.5,10.0,0.0,0.0,0.0,0,Aluno não possui risco de defasagem,0.0533,2026-02-06 06:52:18
9.168,9.441269841333334,9.38,9.0625,9.666666666666666,9.1725,10.0,9.0,10.0,10.0,0,Aluno não possui risco de defasagem,0.018,2026-02-06 06:54:18
8.751,8.349567099333333,6.26,7.5,5.0,7.266,10.0,3.0,5.0,7.0,0,Aluno não possui risco de defasagem,0.0479,2026-02-06 06:56:18
8.334,9.246,6.5725,7.5,8.266666666666667,7.5,10.0,7.8,8.2,8.8,0,Aluno não possui risco de defasagem,0.0233,2026-02-06 06:58:18
8.751,9.616977225666666,2.51,8.90625,6.833333333333333,8.7,10.0,6.5,7.0,7.0,0,Aluno não possui risco de defasagem,0.0102,2026-02-06 07:00:18
6.25,8.444444444333334,5.635,7.8125,6.833333333333333,6.8,5.0,6.5,6.0,8.0,1,Aluno possui risco de defasagem,0.9736,2026-02-06 07:02:18
5.832,3.7838383836666662,8.135,5.15625,4.666666666666667,5.5,10.0,4.0,0.0,10.0,0,Aluno não possui risco de defasagem,0.0467,2026-02-06 07:04:18
7.918,8.380952381,8.13,6.875,4.833333333333333,6.415,10.0,4.0,6.5,4.0,0,Aluno não possui risco de defasagem,0.0497,2026-02-06 07:06:18
10.002,4.849791144666667,6.25,6.041666667,3.0,5.88,5.0,4.5,4.5,0.0,1,Aluno possui risco de defasagem,0.98,2026-02-06 07:08:18
8.751,7.8961292116666675,8.13,8.75,7.0,7.946666667,10.0,6.0,5.0,10.0,0,Aluno não possui risco de defasagem,0.0421,2026-02-06 07:10:18
7.5,9.431042884999998,7.51,7.96875,8.5,7.893333333,10.0,7.5,10.0,8.0,0,Aluno não possui risco de defasagem,0.0261,2026-02-06 07:12:18
9.585,5.414731682,5.635,3.5,1.0,3.545,5.0,2.0,0.0,1.0,1,Aluno possui risco de defasagem,0.96,2026-02-06 07:14:18
0.0,5.918518518666667,7.51,7.5,6.833333333333333,7.6275,5.0,6.5,6.5,7.5,1,Aluno possui risco de defasagem,0.9933,2026-02-06 07:16:18
9.168,8.518518518666667,6.26,7.8125,6.0,7.666,10.0,2.5,5.5,10.0,0,Aluno não possui risco de defasagem,0.0748,2026-02-06 07:18:18
8.751,9.523809523666666,7.51,8.333333333,9.0,8.56,5.0,8.0,9.0,10.0,1,Aluno possui risco de defasagem,0.9692,2026-02-06 07:20:18
9.168,7.777777778,7.51,8.125,8.5,8.88,5.0,5.5,10.0,10.0,1,Aluno possui risco de defasagem,0.9797,2026-02-06 07:22:18
9.168,8.624338624,6.885,7.65625,5.333333333333333,8.28,5.0,7.5,0.0,8.5,1,Aluno possui risco de defasagem,0.9917,2026-02-06 07:24:18
9.168,9.206349206333334,5.635,8.5,8.166666666666666,8.336,10.0,8.5,6.0,10.0,0,Aluno não possui risco de defasagem,0.022,2026-02-06 07:26:18
7.5,5.512100409000001,6.26,7.5,5.833333333333333,7.196,10.0,6.5,6.0,5.0,0,Aluno não possui risco de defasagem,0.0383,2026-02-06 07:28:18
9.168,7.323153899,6.26,8.125,4.5,6.896,5.0,6.5,3.0,4.0,1,Aluno possui risco de defasagem,0.9734,2026-02-06 07:30:18
9.585,10.0,7.51,7.875,5.5,8.166,10.0,6.5,5.0,5.0,0,Aluno não possui risco de defasagem,0.0192,2026-02-06 07:32:18
8.334,6.761695906666667,7.51,7.5,7.333333333333333,8.636,10.0,6.0,6.0,10.0,0,Aluno não possui risco de defasagem,0.0344,2026-02-06 07:34:18
8.334,0.0,6.57,7.5,0.0,7.5,10.0,0.0,0.0,0.0,0,Aluno não possui risco de defasagem,0.0479,2026-02-06 07:36:18
10.002,9.473684210666667,6.26,7.5,8.5,7.766,5.0,6.5,9.5,9.5,1,Aluno possui risco de defasagem,0.9767,2026-02-06 07:38:18
8.751,9.761904762,6.885,7.8125,8.0,7.736,5.0,8.0,6.5,9.5,1,Aluno possui risco de defasagem,0.9891,2026-02-06 07:40:18
0.0,5.0694444443333335,7.51,7.5,2.5,7.028,5.0,7.5,0.0,0.0,1,Aluno possui risco de defasagem,0.9789,2026-02-06 07:42:18
7.501,10.0,6.26,7.34375,5.5,7.2875,5.0,6.0,5.0,5.5,1,Aluno possui risco de defasagem,0.987,2026-02-06 07:44:18
9.168,8.705360238666666,8.755,8.5,5.5,8.302,5.0,5.5,5.0,6.0,1,Aluno possui risco de defasagem,0.9535,2026-02-06 07:46:18
7.917,8.999164578333334,6.875,8.28125,4.166666666666667,7.875,10.0,6.0,0.0,6.5,0,Aluno não possui risco de defasagem,0.0464,2026-02-06 07:48:18
7.083,5.567251461999999,7.51,7.65625,4.666666666666667,7.5,10.0,7.0,0.0,7.0,0,Aluno não possui risco de defasagem,0.0263,2026-02-06 07:50:18
8.334,4.453748006333333,6.26,6.375,3.1666666666666665,6.7925,10.0,5.5,2.0,2.0,0,Aluno não possui risco de defasagem,0.0667,2026-02-06 07:52:18
9.585,3.380451127666667,6.885,7.291666667,5.333333333333333,6.443333333,10.0,3.5,5.5,7.0,0,Aluno não possui risco de defasagem,0.0294,2026-02-06 07:54:18
7.5,8.412698412666666,7.51,8.125,2.8333333333333335,8.28,5.0,0.0,2.0,6.5,1,Aluno possui risco de defasagem,0.9589,2026-02-06 07:56:18
9.168,9.629629629666667,6.88,8.958333333,9.166666666666666,8.95,10.0,7.5,10.0,10.0,0,Aluno não possui risco de defasagem,0.0247,2026-02-06 07:58:18
10.002,8.607843137333333,9.375,7.083333333,7.666666666666667,7.28,10.0,7.0,8.0,8.0,0,Aluno não possui risco de defasagem,0.0403,2026-02-06 08:00:18
9.168,9.523809523666666,2.51,8.4375,7.333333333333333,8.1675,10.0,7.5,6.0,8.5,0,Aluno não possui risco de defasagem,0.0225,2026-02-06 08:02:18
7.917,7.699561403666666,7.51,7.34375,2.8333333333333335,6.4125,5.0,1.5,3.5,3.5,1,Aluno possui risco de defasagem,0.9533,2026-02-06 08:04:18
7.5,7.329323308333333,8.755,7.8125,6.333333333333333,8.915,10.0,5.5,6.0,7.5,0,Aluno não possui risco de defasagem,0.0448,2026-02-06 08:06:18
7.083,7.777777777666667,7.51,7.65625,7.833333333333333,8.172,5.0,7.5,6.0,10.0,1,Aluno possui risco de defasagem,0.9839,2026-02-06 08:08:18
10.002,9.891666667,7.1975,7.5,6.816666666666667,7.5,10.0,7.2,6.15,7.1,0,Aluno não possui risco de defasagem,0.0238,2026-02-06 08:10:18
9.168,7.039682539666667,8.13,7.1875,6.833333333333333,6.995,10.0,6.0,6.0,8.5,0,Aluno não possui risco de defasagem,0.0256,2026-02-06 08:12:18
7.5,6.080701754333333,8.755,6.5625,4.166666666666667,6.08,10.0,2.5,3.0,7.0,0,Aluno não possui risco de defasagem,0.0994,2026-02-06 08:14:18
7.917,5.2929755216666665,6.885,8.375,4.666666666666667,7.604,5.0,0.0,8.0,6.0,1,Aluno possui risco de defasagem,0.9567,2026-02-06 08:16:18
7.083,5.111779448666667,2.51,8.333333333,8.666666666666666,7.39,10.0,7.5,8.5,10.0,0,Aluno não possui risco de defasagem,0.0772,2026-02-06 08:18:18
8.751,8.954191033333332,5.63,7.8125,7.5,7.58,5.0,8.5,8.0,6.0,1,Aluno possui risco de defasagem,0.9846,2026-02-06 08:20:18
9.168,10.0,7.51,8.125,7.0,7.106666667,5.0,6.0,7.0,8.0,1,Aluno possui risco de defasagem,0.9633,2026-02-06 08:22:18
9.168,9.461904762000001,8.135,8.125,8.333333333333334,7.468,10.0,9.0,10.0,6.0,0,Aluno não possui risco de defasagem,0.02,2026-02-06 08:24:18
7.5,9.682539682666667,6.26,7.96875,7.833333333333333,8.965,10.0,6.5,9.0,8.0,0,Aluno não possui risco de defasagem,0.0105,2026-02-06 08:26:18
7.917,0.0,7.195,7.5,0.0,7.5,10.0,0.0,0.0,0.0,0,Aluno não possui risco de defasagem,0.0479,2026-02-06 08:28:18
7.5,7.722222222333333,8.13,8.90625,8.666666666666666,8.8825,10.0,8.0,8.5,9.5,0,Aluno não possui risco de defasagem,0.0633,2026-02-06 08:30:18
8.751,9.824561403666666,6.26,7.65625,7.333333333333333,8.125,10.0,5.5,9.5,7.0,0,Aluno não possui risco de defasagem,0.0099,2026-02-06 08:32:18
7.917,7.9050567596666665,4.38,7.65625,4.833333333333333,8.0,5.0,7.0,3.5,4.0,1,Aluno possui risco de defasagem,0.9805,2026-02-06 08:34:18
9.168,7.162698412666667,6.26,7.5,5.5,8.333333333,10.0,4.5,4.0,8.0,0,Aluno não possui risco de defasagem,0.0405,2026-02-06 08:36:18
10.002,9.149206349333333,2.51,7.96875,6.166666666666667,8.2525,10.0,4.5,6.0,8.0,0,Aluno não possui risco de defasagem,0.0386,2026-02-06 08:38:18
7.5,6.0634920633333325,6.26,7.25,3.3333333333333335,6.196,5.0,5.0,0.0,5.0,1,Aluno possui risco de defasagem,0.9833,2026-02-06 08:40:18
0.0,3.9057239053333332,7.51,7.5,2.0,6.832,5.0,6.0,0.0,0.0,1,Aluno possui risco de defasagem,0.9723,2026-02-06 08:42:18
8.334,6.581140350999999,7.51,7.34375,5.333333333333333,6.5375,5.0,1.5,4.5,10.0,1,Aluno possui risco de defasagem,0.9533,2026-02-06 08:44:18
8.334,7.614522417333333,6.26,7.96875,3.6666666666666665,7.875,10.0,5.0,2.0,4.0,0,Aluno não possui risco de defasagem,0.0489,2026-02-06 08:46:18
8.334,6.152715121333333,7.51,7.5,4.666666666666667,7.04,10.0,3.0,5.0,6.0,0,Aluno não possui risco de defasagem,0.0285,2026-02-06 08:48:18
8.751,8.198051948,6.26,7.25,6.833333333333333,7.332,10.0,3.5,8.0,9.0,0,Aluno não possui risco de defasagem,0.0485,2026-02-06 08:50:18
9.585,9.546,7.1975,7.5,8.9,7.5,10.0,8.9,9.2,8.6,0,Aluno não possui risco de defasagem,0.0214,2026-02-06 08:52:18
8.334,7.2122004356666665,8.75,5.625,4.166666666666667,6.245,10.0,3.5,7.0,2.0,0,Aluno não possui risco de defasagem,0.0561,2026-02-06 08:54:18
8.334,7.949735449666666,6.26,7.395833333,2.3333333333333335,7.021666667,10.0,0.0,3.0,4.0,0,Aluno não possui risco de defasagem,0.04,2026-02-06 08:56:18
9.168,9.931666667,6.2575,7.5,7.483333333333333,7.5,10.0,7.2,6.75,8.5,0,Aluno não possui risco de defasagem,0.0153,2026-02-06 08:58:18
9.585,9.379509379666667,7.51,7.25,7.0,7.866,10.0,6.5,5.5,9.0,0,Aluno não possui risco de defasagem,0.031,2026-02-06 09:00:18
9.168,7.890668700666666,6.26,6.875,4.5,6.362,10.0,4.0,1.5,8.0,0,Aluno não possui risco de defasagem,0.0507,2026-02-06 09:02:18
7.5,7.84502924,7.51,5.46875,2.3333333333333335,5.125,10.0,2.0,3.0,2.0,0,Aluno não possui risco de defasagem,0.0767,2026-02-06 09:04:18
9.168,7.753697970666667,7.51,7.291666667,5.166666666666667,6.106666667,5.0,2.0,4.0,9.5,1,Aluno possui risco de defasagem,0.9767,2026-02-06 09:06:18
9.585,7.621832358666666,7.51,7.8125,6.333333333333333,7.4175,10.0,7.5,3.5,8.0,0,Aluno não possui risco de defasagem,0.0311,2026-02-06 09:08:18
9.168,5.565079365,8.13,7.03125,3.5,6.7475,5.0,2.5,1.0,7.0,1,Aluno possui risco de defasagem,0.9494,2026-02-06 09:10:18
9.168,9.833333333333334,7.51,8.75,7.833333333333333,8.0,10.0,8.0,8.5,7.0,0,Aluno não possui risco de defasagem,0.0138,2026-02-06 09:12:18
6.667,9.704333333,6.57,7.5,5.483333333333333,7.5,10.0,6.3,6.35,3.8,0,Aluno não possui risco de defasagem,0.01,2026-02-06 09:14:18
9.168,9.241269841333333,7.51,8.75,8.5,8.056666667,10.0,8.0,7.5,10.0,0,Aluno não possui risco de defasagem,0.0373,2026-02-06 09:16:18
7.917,5.278195488666667,2.51,6.71875,3.8333333333333335,6.1625,10.0,4.5,1.0,6.0,0,Aluno não possui risco de defasagem,0.0541,2026-02-06 09:18:18
9.168,3.7763975156666674,8.13,6.09375,3.0,4.268,5.0,4.0,2.5,2.5,1,Aluno possui risco de defasagem,0.9833,2026-02-06 09:20:18
9.168,7.787878788,7.51,7.96875,5.666666666666667,7.335,10.0,6.0,3.0,8.0,0,Aluno não possui risco de defasagem,0.0468,2026-02-06 09:22:18
8.751,9.682539682666667,6.26,8.59375,9.166666666666666,8.9225,10.0,8.0,10.0,9.5,0,Aluno não possui risco de defasagem,0.0213,2026-02-06 09:24:18
7.5,9.722222222333334,5.635,8.125,9.0,9.393333333,10.0,8.0,9.0,10.0,0,Aluno não possui risco de defasagem,0.02,2026-02-06 09:26:18
7.5,6.349206349,7.51,6.75,4.333333333333333,5.764,5.0,7.0,1.0,5.0,1,Aluno possui risco de defasagem,0.983,2026-02-06 09:28:18
8.751,7.735353535333334,8.755,6.09375,3.5,5.62,5.0,3.5,4.0,3.0,1,Aluno possui risco de defasagem,0.9833,2026-02-06 09:30:18
8.334,9.603174603333335,6.26,7.875,9.166666666666666,8.872,10.0,9.0,9.0,9.5,0,Aluno não possui risco de defasagem,0.0133,2026-02-06 09:32:18
9.585,7.441394335666668,7.51,7.1875,4.166666666666667,6.325,5.0,3.0,5.5,4.0,1,Aluno possui risco de defasagem,0.9855,2026-02-06 09:34:18
7.083,9.148148147999999,5.635,7.291666667,4.833333333333333,7.4125,10.0,7.0,3.5,4.0,0,Aluno não possui risco de defasagem,0.0288,2026-02-06 09:36:18
8.751,6.111111111,8.13,8.333333333,4.5,7.276666667,10.0,6.5,3.0,4.0,0,Aluno não possui risco de defasagem,0.05,2026-02-06 09:38:18
6.666,4.031862745000001,6.26,7.34375,3.1666666666666665,5.7825,5.0,0.0,5.0,4.5,1,Aluno possui risco de defasagem,0.9476,2026-02-06 09:40:18
7.917,8.267770876333332,7.51,10.0,8.666666666666666,8.806,5.0,8.0,8.5,9.5,1,Aluno possui risco de defasagem,0.9837,2026-02-06 09:42:18
7.5,7.112887113,7.51,7.1875,4.333333333333333,6.896,10.0,2.0,3.0,8.0,0,Aluno não possui risco de defasagem,0.0633,2026-02-06 09:44:18
8.334,7.880952381,6.26,7.65625,7.5,7.75,5.0,6.0,8.5,8.0,1,Aluno possui risco de defasagem,0.9774,2026-02-06 09:46:18
8.751,9.049953314666666,7.51,7.875,6.166666666666667,9.168,5.0,7.5,5.0,6.0,1,Aluno possui risco de defasagem,0.974,2026-02-06 09:48:18
9.168,8.5,5.635,7.604166667,8.0,8.028333333,5.0,6.5,10.0,7.5,1,Aluno possui risco de defasagem,0.9877,2026-02-06 09:50:18
7.501,6.210826211,8.13,6.25,8.166666666666666,6.165,10.0,6.5,8.0,10.0,0,Aluno não possui risco de defasagem,0.0567,2026-02-06 09:52:18
10.002,7.881527348,7.51,7.5,7.166666666666667,8.375,10.0,5.5,10.0,6.0,0,Aluno não possui risco de defasagem,0.0289,2026-02-06 09:54:18
9.168,7.137254902,8.13,6.875,6.833333333333333,5.745,10.0,5.5,9.0,6.0,0,Aluno não possui risco de defasagem,0.0448,2026-02-06 09:56:18
8.334,9.666666666666666,7.51,7.708333333,6.0,7.943333333,5.0,4.0,6.0,8.0,1,Aluno possui risco de defasagem,0.9892,2026-02-06 09:58:18
9.585,9.02791197,8.135,5.375,4.0,4.705,10.0,4.0,4.0,4.0,0,Aluno não possui risco de defasagem,0.0567,2026-02-06 10:00:18
7.5,7.337719298333333,5.63,7.8125,5.166666666666667,7.443333333,5.0,7.5,0.0,8.0,1,Aluno possui risco de defasagem,0.9806,2026-02-06 10:02:18
8.751,9.390476190333333,8.13,5.9375,9.333333333333334,7.07,10.0,8.0,10.0,10.0,0,Aluno não possui risco de defasagem,0.0697,2026-02-06 10:04:18
9.168,5.036075036,6.26,7.125,3.8333333333333335,5.862,10.0,1.0,1.0,9.5,0,Aluno não possui risco de defasagem,0.074,2026-02-06 10:06:18
7.918,7.885292942666666,5.63,7.625,5.666666666666667,7.398,5.0,4.5,5.0,7.5,1,Aluno possui risco de defasagem,0.9905,2026-02-06 10:08:18
9.168,7.851461988333334,8.76,7.1875,4.333333333333333,7.1175,5.0,3.5,3.0,6.5,1,Aluno possui risco de defasagem,0.986,2026-02-06 10:10:18
7.5,9.571,5.945,7.5,6.3999999999999995,7.5,10.0,6.9,6.0,6.3,0,Aluno não possui risco de defasagem,0.0049,2026-02-06 10:12:18
7.5,4.516498316333333,2.51,4.21875,6.333333333333333,4.1625,10.0,7.5,5.0,6.5,0,Aluno não possui risco de defasagem,0.0569,2026-02-06 10:14:18
8.334,7.3999999999999995,6.885,6.458333333,4.0,7.05,5.0,2.5,3.5,6.0,1,Aluno possui risco de defasagem,0.96,2026-02-06 10:16:18
8.334,6.133333333333333,7.51,6.71875,3.6666666666666665,6.1225,5.0,4.5,2.5,4.0,1,Aluno possui risco de defasagem,0.9967,2026-02-06 10:18:18
9.168,10.0,7.51,8.541666667,7.5,8.336666667,10.0,6.0,10.0,6.5,0,Aluno não possui risco de defasagem,0.0074,2026-02-06 10:20:18
10.002,6.128654970666666,5.01,6.875,5.666666666666667,7.54,5.0,5.5,3.5,8.0,1,Aluno possui risco de defasagem,0.9833,2026-02-06 10:22:18
8.751,9.682539682666667,6.26,7.5,8.333333333333334,8.696,5.0,8.0,9.0,8.0,1,Aluno possui risco de defasagem,0.98,2026-02-06 10:24:18
7.5,9.619047619,9.38,8.75,8.0,8.283333333,10.0,7.0,7.5,9.5,0,Aluno não possui risco de defasagem,0.0243,2026-02-06 10:26:18
8.751,9.028180354333333,8.135,7.875,7.666666666666667,7.0825,5.0,7.0,8.5,7.5,1,Aluno possui risco de defasagem,0.9533,2026-02-06 10:28:18
0.0,0.0,0.0,0.0,0.0,0.0,0.0,0.0,0.0,0.0,1,Aluno possui risco de defasagem,0.94,2026-02-06 19:11:25
